"Name","Length"
"T1_150_R038.H5",98
"T1_553_R066.H5",14
"T1_553_R070.H5",57
"T1_553_R076.H5",10
"T1_553_R080.H5",16
"T1_553_R084.H5",19
"T1_553_R088.H5",21
"T1_553_R092.H5",16
"T1_553_R096.H5",8
"T1_553_R100.H5",6
"T1_553_R104.H5",16
"T1_553_R124.H5",87
"T1_553_R128.H5",73
"T1_553_R134.H5",85
"T1_553_R138.H5",87
"T1_553_R142.H5",62
"T1_553_R146.H5",85
"T1_553_R150.H5",75
"T1_553_R154.H5",75
"T1_553_R158.H5",82
"T1_553_R162.H5",85
"T1_802_R066.H5",8
"T1_802_R070.H5",4
"T1_802_R166.H5",6
"T1_802_R170.H5",4
"T1_802_R252.H5",20
"T1_802_R256.H5",14
"T1_802_R352.H5",58
"T1_802_R356.H5",2
"T1_802_R452.H5",4
"T1_802_R456.H5",1
"T1_802_R552.H5",5
"T1_802_R556.H5",1
"T1_802_R652.H5",4
"T1_802_R656.H5",1
"T1_802_R752.H5",1
"T1_802_R756.H5",1
"T1_803_R1258.H5",11
"T1_803_R2170.H5",1
"T1_803_R2194.H5",58
"T1_803_R2216.H5",60
"T1_803_R758.H5",67
"T1_950_R004.H5",55
"T1_950_R008.H5",54
"T1_950_R016.H5",79
"T1_950_R020.H5",78
"T1_950_R024.H5",75
"T1_950_R028.H5",75
"T1_950_R032.H5",11
"T1_950_R036.H5",15
"T1_950_R046.H5",13
"T1_950_R052.H5",4
"T1_950_R056.H5",2
"T1_950_R064.H5",2
"T1_950_R068.H5",4
"T1_950_R076.H5",74
"T1_950_R080.H5",72
"T1_950_R084.H5",72
"T1_950_R088.H5",75
"T1_950_R092.H5",1
"T1_950_R096.H5",1
"T1_950_R106.H5",12
"T1_950_R112.H5",1
"T1_950_R116.H5",6
"T1_950_R124.H5",1
"T1_950_R128.H5",10
"T1_950_R136.H5",74
"T1_950_R140.H5",70
"T1_950_R144.H5",75
"T1_950_R148.H5",70
"T1_950_R152.H5",1
"T1_950_R156.H5",6
"T1_950_R166.H5",1
"T1_950_R172.H5",4
"T1_950_R176.H5",1
"T1_950_R184.H5",1
"T1_950_R188.H5",1
"T1_950_R196.H5",77
"T1_950_R200.H5",76
"T1_950_R204.H5",71
"T1_950_R208.H5",70
"T1_950_R212.H5",6
"T1_950_R216.H5",4
"T1_950_R226.H5",9
"T1_950_R232.H5",16
"T1_950_R236.H5",11
"T10_100_R030.H5",7257
"T10_100_R034.H5",7211
"T10_100_R038.H5",7222
"T10_100_R042.H5",7224
"T10_100_R046.H5",7204
"T10_100_R050.H5",7163
"T10_801_R290.H5",170
"T10_801_R294.H5",173
"T10_801_R302.H5",173
"T10_801_R306.H5",171
"T10_801_R310.H5",938
"T10_801_R314.H5",38
"T10_801_R318.H5",6361
"T10_801_R322.H5",6361
"T10_801_R332.H5",90
"T10_801_R342.H5",659
"T10_801_R352.H5",186
"T10_801_R356.H5",1075
"T10_801_R364.H5",179
"T10_801_R368.H5",179
"T10_801_R372.H5",173
"T10_801_R376.H5",155
"T10_801_R380.H5",188
"T10_801_R384.H5",217
"T10_801_R394.H5",85
"T10_801_R404.H5",1073
"T10_801_R412.H5",169
"T10_801_R416.H5",210
"T10_801_R424.H5",171
"T10_801_R428.H5",171
"T10_801_R432.H5",173
"T10_801_R436.H5",150
"T10_801_R440.H5",169
"T10_801_R444.H5",167
"T10_801_R454.H5",153
"T10_801_R464.H5",1863
"T10_801_R512.H5",40
"T10_801_R516.H5",4190
"T10_801_R524.H5",4190
"T10_801_R528.H5",6346
"T10_801_R532.H5",6346
"T10_801_R536.H5",6346
"T10_801_R540.H5",6346
"T10_801_R544.H5",6346
"T10_801_R554.H5",42
"T10_801_R564.H5",1086
"T10_801_R572.H5",186
"T10_801_R576.H5",211
"T10_801_R584.H5",179
"T10_801_R588.H5",179
"T10_801_R592.H5",181
"T10_801_R596.H5",155
"T10_801_R600.H5",179
"T10_801_R604.H5",177
"T10_801_R614.H5",36
"T10_801_R624.H5",1431
"T10_804_R004.H5",1045
"T10_804_R008.H5",1042
"T10_804_R016.H5",1038
"T10_804_R020.H5",111
"T10_804_R024.H5",177
"T10_804_R028.H5",136
"T10_804_R032.H5",94
"T10_804_R036.H5",101
"T10_804_R046.H5",54
"T10_804_R052.H5",641
"T10_804_R056.H5",586
"T10_804_R064.H5",118
"T10_804_R068.H5",231
"T10_804_R076.H5",113
"T10_804_R080.H5",109
"T10_804_R084.H5",105
"T10_804_R088.H5",60
"T10_804_R092.H5",99
"T10_804_R096.H5",95
"T10_804_R1006.H5",35
"T10_804_R1012.H5",1040
"T10_804_R1016.H5",1027
"T10_804_R1024.H5",59
"T10_804_R1028.H5",64
"T10_804_R1036.H5",51
"T10_804_R1040.H5",44
"T10_804_R1044.H5",41
"T10_804_R1048.H5",27
"T10_804_R1052.H5",38
"T10_804_R1056.H5",37
"T10_804_R106.H5",56
"T10_804_R1066.H5",43
"T10_804_R1084.H5",55
"T10_804_R1088.H5",930
"T10_804_R1096.H5",57
"T10_804_R1100.H5",49
"T10_804_R1104.H5",51
"T10_804_R1108.H5",38
"T10_804_R1112.H5",901
"T10_804_R1116.H5",899
"T10_804_R112.H5",2926
"T10_804_R1126.H5",31
"T10_804_R1132.H5",571
"T10_804_R1136.H5",555
"T10_804_R1144.H5",69
"T10_804_R1148.H5",922
"T10_804_R1156.H5",62
"T10_804_R116.H5",153
"T10_804_R1160.H5",54
"T10_804_R1164.H5",51
"T10_804_R1168.H5",42
"T10_804_R1172.H5",51
"T10_804_R1176.H5",50
"T10_804_R1186.H5",46
"T10_804_R1204.H5",57
"T10_804_R1208.H5",925
"T10_804_R1216.H5",50
"T10_804_R1220.H5",49
"T10_804_R1224.H5",48
"T10_804_R1228.H5",37
"T10_804_R1232.H5",52
"T10_804_R1236.H5",47
"T10_804_R124.H5",88
"T10_804_R1246.H5",27
"T10_804_R1252.H5",1167
"T10_804_R1256.H5",1139
"T10_804_R1264.H5",911
"T10_804_R1268.H5",917
"T10_804_R1276.H5",905
"T10_804_R128.H5",139
"T10_804_R1280.H5",898
"T10_804_R1284.H5",474
"T10_804_R1288.H5",36
"T10_804_R1292.H5",53
"T10_804_R1296.H5",48
"T10_804_R1306.H5",41
"T10_804_R1312.H5",394
"T10_804_R1316.H5",359
"T10_804_R1324.H5",57
"T10_804_R1328.H5",66
"T10_804_R1336.H5",54
"T10_804_R1340.H5",51
"T10_804_R1344.H5",48
"T10_804_R1348.H5",37
"T10_804_R1352.H5",52
"T10_804_R1356.H5",48
"T10_804_R136.H5",97
"T10_804_R1366.H5",883
"T10_804_R1372.H5",130
"T10_804_R1376.H5",114
"T10_804_R1384.H5",52
"T10_804_R1388.H5",60
"T10_804_R1396.H5",56
"T10_804_R140.H5",80
"T10_804_R1400.H5",47
"T10_804_R1404.H5",47
"T10_804_R1408.H5",35
"T10_804_R1412.H5",49
"T10_804_R1416.H5",46
"T10_804_R1426.H5",36
"T10_804_R1432.H5",127
"T10_804_R1436.H5",122
"T10_804_R144.H5",80
"T10_804_R1444.H5",58
"T10_804_R1448.H5",62
"T10_804_R1456.H5",60
"T10_804_R1460.H5",52
"T10_804_R1464.H5",52
"T10_804_R1468.H5",44
"T10_804_R1472.H5",61
"T10_804_R1476.H5",59
"T10_804_R148.H5",52
"T10_804_R1486.H5",347
"T10_804_R1492.H5",1460
"T10_804_R1496.H5",1409
"T10_804_R1504.H5",586
"T10_804_R1508.H5",916
"T10_804_R1516.H5",914
"T10_804_R152.H5",86
"T10_804_R1520.H5",903
"T10_804_R1524.H5",906
"T10_804_R1528.H5",896
"T10_804_R1532.H5",905
"T10_804_R1536.H5",904
"T10_804_R1546.H5",35
"T10_804_R1552.H5",4731
"T10_804_R1556.H5",3171
"T10_804_R156.H5",82
"T10_804_R1564.H5",908
"T10_804_R1568.H5",915
"T10_804_R1576.H5",912
"T10_804_R1580.H5",905
"T10_804_R1584.H5",906
"T10_804_R1588.H5",897
"T10_804_R1592.H5",909
"T10_804_R1596.H5",908
"T10_804_R1606.H5",893
"T10_804_R1612.H5",962
"T10_804_R1616.H5",952
"T10_804_R1624.H5",916
"T10_804_R1628.H5",920
"T10_804_R1636.H5",913
"T10_804_R1640.H5",907
"T10_804_R1644.H5",904
"T10_804_R1648.H5",892
"T10_804_R1652.H5",902
"T10_804_R1656.H5",899
"T10_804_R166.H5",52
"T10_804_R1666.H5",34
"T10_804_R1676.H5",1053
"T10_804_R1684.H5",906
"T10_804_R1688.H5",917
"T10_804_R1696.H5",899
"T10_804_R1700.H5",898
"T10_804_R1704.H5",899
"T10_804_R1708.H5",889
"T10_804_R1712.H5",902
"T10_804_R1716.H5",898
"T10_804_R172.H5",1118
"T10_804_R1726.H5",31
"T10_804_R1732.H5",2820
"T10_804_R1736.H5",2605
"T10_804_R1744.H5",893
"T10_804_R1748.H5",900
"T10_804_R1756.H5",890
"T10_804_R176.H5",1185
"T10_804_R1760.H5",890
"T10_804_R1764.H5",889
"T10_804_R1768.H5",877
"T10_804_R1772.H5",897
"T10_804_R1776.H5",890
"T10_804_R1786.H5",35
"T10_804_R1804.H5",885
"T10_804_R1808.H5",899
"T10_804_R1816.H5",881
"T10_804_R1820.H5",884
"T10_804_R1824.H5",885
"T10_804_R1828.H5",872
"T10_804_R1832.H5",906
"T10_804_R1836.H5",900
"T10_804_R184.H5",82
"T10_804_R1846.H5",890
"T10_804_R1852.H5",943
"T10_804_R1856.H5",934
"T10_804_R1864.H5",893
"T10_804_R1868.H5",901
"T10_804_R1876.H5",883
"T10_804_R188.H5",183
"T10_804_R1880.H5",883
"T10_804_R1884.H5",883
"T10_804_R1888.H5",868
"T10_804_R1892.H5",910
"T10_804_R1896.H5",903
"T10_804_R1906.H5",32
"T10_804_R1912.H5",1061
"T10_804_R1916.H5",1052
"T10_804_R196.H5",85
"T10_804_R200.H5",71
"T10_804_R204.H5",71
"T10_804_R208.H5",40
"T10_804_R212.H5",72
"T10_804_R216.H5",67
"T10_804_R226.H5",55
"T10_804_R236.H5",2047
"T10_804_R244.H5",83
"T10_804_R248.H5",122
"T10_804_R256.H5",82
"T10_804_R260.H5",74
"T10_804_R264.H5",65
"T10_804_R268.H5",40
"T10_804_R272.H5",80
"T10_804_R276.H5",75
"T10_804_R286.H5",49
"T10_804_R292.H5",1005
"T10_804_R296.H5",993
"T10_804_R304.H5",74
"T10_804_R308.H5",115
"T10_804_R316.H5",72
"T10_804_R320.H5",61
"T10_804_R324.H5",60
"T10_804_R328.H5",29
"T10_804_R332.H5",916
"T10_804_R336.H5",911
"T10_804_R346.H5",43
"T10_804_R356.H5",1327
"T10_804_R364.H5",74
"T10_804_R368.H5",109
"T10_804_R376.H5",70
"T10_804_R380.H5",60
"T10_804_R384.H5",57
"T10_804_R388.H5",34
"T10_804_R392.H5",63
"T10_804_R396.H5",58
"T10_804_R406.H5",51
"T10_804_R412.H5",3492
"T10_804_R416.H5",3195
"T10_804_R424.H5",77
"T10_804_R428.H5",115
"T10_804_R436.H5",80
"T10_804_R440.H5",62
"T10_804_R444.H5",57
"T10_804_R448.H5",29
"T10_804_R452.H5",54
"T10_804_R456.H5",50
"T10_804_R466.H5",47
"T10_804_R472.H5",994
"T10_804_R476.H5",984
"T10_804_R484.H5",916
"T10_804_R488.H5",959
"T10_804_R496.H5",923
"T10_804_R500.H5",909
"T10_804_R504.H5",483
"T10_804_R508.H5",32
"T10_804_R512.H5",62
"T10_804_R516.H5",56
"T10_804_R526.H5",38
"T10_804_R532.H5",990
"T10_804_R536.H5",984
"T10_804_R544.H5",56
"T10_804_R548.H5",960
"T10_804_R556.H5",55
"T10_804_R560.H5",52
"T10_804_R564.H5",50
"T10_804_R568.H5",32
"T10_804_R572.H5",59
"T10_804_R576.H5",55
"T10_804_R586.H5",43
"T10_804_R592.H5",985
"T10_804_R596.H5",980
"T10_804_R604.H5",53
"T10_804_R608.H5",939
"T10_804_R616.H5",40
"T10_804_R620.H5",43
"T10_804_R624.H5",46
"T10_804_R628.H5",23
"T10_804_R632.H5",48
"T10_804_R636.H5",44
"T10_804_R646.H5",39
"T10_804_R652.H5",1849
"T10_804_R656.H5",1748
"T10_804_R664.H5",54
"T10_804_R668.H5",951
"T10_804_R676.H5",46
"T10_804_R680.H5",43
"T10_804_R684.H5",46
"T10_804_R688.H5",26
"T10_804_R692.H5",57
"T10_804_R696.H5",55
"T10_804_R706.H5",30
"T10_804_R712.H5",983
"T10_804_R716.H5",971
"T10_804_R724.H5",56
"T10_804_R728.H5",945
"T10_804_R736.H5",51
"T10_804_R740.H5",50
"T10_804_R744.H5",50
"T10_804_R748.H5",30
"T10_804_R752.H5",50
"T10_804_R756.H5",49
"T10_804_R766.H5",39
"T10_804_R772.H5",976
"T10_804_R776.H5",968
"T10_804_R784.H5",56
"T10_804_R788.H5",937
"T10_804_R796.H5",44
"T10_804_R800.H5",44
"T10_804_R804.H5",46
"T10_804_R808.H5",26
"T10_804_R812.H5",49
"T10_804_R816.H5",44
"T10_804_R826.H5",40
"T10_804_R832.H5",1082
"T10_804_R836.H5",1068
"T10_804_R844.H5",65
"T10_804_R848.H5",939
"T10_804_R856.H5",57
"T10_804_R860.H5",62
"T10_804_R864.H5",55
"T10_804_R868.H5",29
"T10_804_R872.H5",50
"T10_804_R876.H5",48
"T10_804_R886.H5",42
"T10_804_R892.H5",779
"T10_804_R896.H5",741
"T10_804_R904.H5",55
"T10_804_R908.H5",929
"T10_804_R916.H5",53
"T10_804_R920.H5",50
"T10_804_R924.H5",46
"T10_804_R928.H5",27
"T10_804_R932.H5",47
"T10_804_R936.H5",43
"T10_804_R946.H5",49
"T10_804_R952.H5",6593
"T10_804_R956.H5",4635
"T10_804_R964.H5",45
"T10_804_R968.H5",927
"T10_804_R976.H5",40
"T10_804_R980.H5",39
"T10_804_R984.H5",45
"T10_804_R988.H5",23
"T10_804_R992.H5",48
"T10_804_R996.H5",43
"T10_805_R004.H5",1001
"T10_805_R008.H5",996
"T10_805_R016.H5",977
"T10_805_R020.H5",936
"T10_805_R024.H5",941
"T10_805_R028.H5",944
"T10_805_R032.H5",916
"T10_805_R036.H5",922
"T10_805_R046.H5",907
"T10_805_R052.H5",990
"T10_805_R056.H5",989
"T10_805_R064.H5",936
"T10_805_R068.H5",956
"T10_805_R076.H5",918
"T10_805_R080.H5",933
"T10_805_R084.H5",923
"T10_805_R088.H5",883
"T10_805_R092.H5",923
"T10_805_R096.H5",921
"T10_805_R106.H5",897
"T10_805_R112.H5",1055
"T10_805_R116.H5",1020
"T10_805_R124.H5",912
"T10_805_R128.H5",936
"T10_805_R136.H5",905
"T10_805_R140.H5",912
"T10_805_R144.H5",911
"T10_805_R148.H5",877
"T10_805_R152.H5",916
"T10_805_R156.H5",913
"T10_805_R166.H5",44
"T10_805_R172.H5",116
"T10_805_R176.H5",111
"T10_805_R184.H5",66
"T10_805_R188.H5",101
"T10_805_R196.H5",60
"T10_805_R200.H5",65
"T10_805_R204.H5",62
"T10_805_R208.H5",34
"T10_805_R212.H5",69
"T10_805_R216.H5",67
"T10_805_R226.H5",41
"T10_805_R232.H5",117
"T10_805_R236.H5",110
"T10_805_R244.H5",67
"T10_805_R248.H5",643
"T10_805_R256.H5",65
"T10_805_R260.H5",61
"T10_805_R264.H5",59
"T10_805_R268.H5",31
"T10_805_R272.H5",63
"T10_805_R276.H5",61
"T10_805_R286.H5",45
"T10_805_R292.H5",103
"T10_805_R296.H5",104
"T10_805_R304.H5",79
"T10_805_R308.H5",116
"T10_805_R316.H5",167
"T10_805_R320.H5",55
"T10_805_R324.H5",54
"T10_805_R328.H5",29
"T10_805_R332.H5",57
"T10_805_R336.H5",57
"T10_805_R346.H5",41
"T10_805_R352.H5",102
"T10_805_R356.H5",586
"T10_805_R364.H5",54
"T10_805_R368.H5",497
"T10_805_R376.H5",163
"T10_805_R380.H5",51
"T10_805_R384.H5",50
"T10_805_R388.H5",26
"T10_805_R392.H5",49
"T10_805_R396.H5",49
"T10_805_R406.H5",55
"T10_805_R412.H5",94
"T10_805_R416.H5",83
"T10_805_R424.H5",52
"T10_805_R428.H5",66
"T10_805_R436.H5",154
"T10_805_R440.H5",43
"T10_805_R444.H5",45
"T10_805_R448.H5",24
"T10_805_R452.H5",47
"T10_805_R456.H5",47
"T10_805_R466.H5",35
"T10_805_R472.H5",86
"T10_805_R476.H5",75
"T10_805_R484.H5",73
"T10_805_R488.H5",63
"T10_805_R496.H5",157
"T10_805_R500.H5",48
"T10_805_R504.H5",46
"T10_805_R508.H5",26
"T10_805_R512.H5",46
"T10_805_R516.H5",44
"T10_805_R526.H5",40
"T10_805_R532.H5",84
"T10_805_R536.H5",76
"T10_805_R544.H5",50
"T10_805_R548.H5",74
"T10_805_R556.H5",151
"T10_805_R560.H5",42
"T10_805_R564.H5",44
"T10_805_R568.H5",26
"T10_805_R572.H5",48
"T10_805_R576.H5",46
"T10_805_R586.H5",38
"T10_805_R592.H5",84
"T10_805_R596.H5",70
"T10_805_R604.H5",48
"T10_805_R608.H5",75
"T10_805_R616.H5",152
"T10_805_R620.H5",47
"T10_805_R624.H5",47
"T10_805_R628.H5",24
"T10_805_R632.H5",47
"T10_805_R636.H5",45
"T10_805_R646.H5",32
"T10_805_R652.H5",80
"T10_805_R656.H5",68
"T10_805_R664.H5",49
"T10_805_R668.H5",61
"T10_805_R676.H5",156
"T10_805_R680.H5",50
"T10_805_R684.H5",54
"T10_805_R688.H5",35
"T10_805_R692.H5",57
"T10_805_R696.H5",55
"T10_805_R706.H5",33
"T10_805_R712.H5",94
"T10_805_R716.H5",73
"T10_805_R724.H5",47
"T10_805_R728.H5",67
"T10_805_R736.H5",45
"T10_805_R740.H5",44
"T10_805_R744.H5",47
"T10_805_R748.H5",30
"T10_805_R752.H5",45
"T10_805_R756.H5",45
"T10_805_R766.H5",27
"T10_805_R772.H5",724
"T10_805_R776.H5",74
"T10_805_R784.H5",46
"T10_805_R788.H5",60
"T10_805_R796.H5",45
"T10_805_R800.H5",45
"T10_805_R804.H5",49
"T10_805_R808.H5",35
"T10_805_R812.H5",52
"T10_805_R816.H5",52
"T10_805_R826.H5",24
"T10_805_R832.H5",80
"T10_805_R836.H5",63
"T12_100_R306.H5",1
"T12_100_R310.H5",1
"T12_100_R314.H5",1
"T12_100_R318.H5",1
"T12_100_R322.H5",1
"T12_100_R326.H5",1
"T12_100_R330.H5",1
"T12_100_R334.H5",1
"T12_100_R338.H5",1
"T12_100_R342.H5",1
"T12_100_R346.H5",6833
"T12_100_R358.H5",1
"T12_100_R362.H5",1
"T12_100_R366.H5",1
"T12_100_R370.H5",1
"T12_100_R374.H5",1
"T12_100_R378.H5",1
"T12_100_R382.H5",1
"T12_100_R386.H5",1
"T12_100_R390.H5",207
"T12_100_R394.H5",145
"T12_100_R398.H5",1703
"T12_100_R722.H5",1
"T12_100_R726.H5",1
"T12_100_R730.H5",1
"T12_100_R734.H5",1
"T12_100_R738.H5",1
"T12_100_R742.H5",1
"T12_100_R746.H5",1
"T12_100_R750.H5",1
"T12_100_R754.H5",423
"T12_100_R758.H5",1
"T12_100_R774.H5",1
"T12_100_R778.H5",1
"T12_100_R782.H5",1
"T12_100_R786.H5",1
"T12_100_R790.H5",1
"T12_100_R794.H5",1
"T12_100_R798.H5",1
"T12_100_R802.H5",1
"T12_100_R806.H5",6106
"T12_100_R810.H5",618
"T12_100_R814.H5",1075
"T12_1000_R004.H5",6649
"T12_1000_R016.H5",9431
"T12_1000_R020.H5",7486
"T12_1000_R032.H5",1
"T12_1000_R036.H5",1
"T12_1000_R048.H5",1
"T12_1000_R052.H5",1
"T12_1000_R056.H5",1
"T12_1000_R076.H5",6749
"T12_1000_R080.H5",1717
"T12_1000_R084.H5",1
"T12_1000_R088.H5",1
"T12_1000_R120.H5",1030
"T12_1000_R124.H5",1351
"T12_1000_R128.H5",1008
"T12_1000_R140.H5",8718
"T12_1000_R152.H5",1
"T12_1000_R156.H5",1
"T12_1000_R160.H5",1
"T12_1000_R184.H5",1084
"T12_1000_R188.H5",1
"T12_1000_R192.H5",1
"T12_1000_R196.H5",1
"T12_1000_R200.H5",207
"T12_1000_R204.H5",408
"T12_1000_R208.H5",6106
"T13_100_R306.H5",1
"T13_100_R310.H5",1
"T13_100_R314.H5",1
"T13_100_R318.H5",1
"T13_100_R322.H5",1
"T13_100_R326.H5",1
"T13_100_R330.H5",1
"T13_100_R334.H5",1
"T13_100_R338.H5",1
"T13_100_R342.H5",1
"T13_100_R346.H5",1
"T13_100_R358.H5",1
"T13_100_R362.H5",1
"T13_100_R366.H5",1
"T13_100_R370.H5",1
"T13_100_R374.H5",1
"T13_100_R378.H5",1
"T13_100_R382.H5",1
"T13_100_R386.H5",1
"T13_100_R390.H5",1
"T13_100_R394.H5",1
"T13_100_R398.H5",1
"T13_100_R722.H5",1
"T13_100_R726.H5",1
"T13_100_R730.H5",1
"T13_100_R734.H5",1
"T13_100_R738.H5",1
"T13_100_R742.H5",1
"T13_100_R746.H5",1
"T13_100_R750.H5",1
"T13_100_R754.H5",1
"T13_100_R758.H5",1
"T13_100_R762.H5",1
"T13_100_R774.H5",1
"T13_100_R778.H5",1
"T13_100_R782.H5",1
"T13_100_R786.H5",1
"T13_100_R790.H5",1
"T13_100_R794.H5",1
"T13_100_R798.H5",1
"T13_100_R802.H5",1
"T13_100_R806.H5",1
"T13_100_R810.H5",1
"T13_100_R814.H5",1
"T13_1000_R000.H5",1
"T13_1000_R004.H5",1
"T13_1000_R008.H5",1
"T13_1000_R020.H5",1
"T13_1000_R024.H5",1
"T13_1000_R028.H5",1
"T13_1000_R040.H5",1
"T13_1000_R044.H5",1
"T13_1000_R048.H5",1
"T13_1000_R052.H5",4714
"T13_1000_R060.H5",1
"T13_1000_R064.H5",1
"T13_1000_R068.H5",1
"T13_1000_R072.H5",1
"T13_1000_R076.H5",1
"T13_1000_R080.H5",1
"T13_1000_R084.H5",1
"T13_1000_R088.H5",1
"T13_1000_R092.H5",1
"T13_1000_R096.H5",1
"T13_1000_R100.H5",1
"T13_1000_R104.H5",1
"T13_1000_R108.H5",1
"T13_1000_R112.H5",1
"T13_1000_R116.H5",1
"T13_1000_R120.H5",1
"T13_1000_R124.H5",1
"T13_1000_R128.H5",1
"T13_1000_R132.H5",1
"T13_1000_R136.H5",1
"T13_1000_R140.H5",1
"T13_1000_R144.H5",1
"T13_1000_R148.H5",1
"T13_1000_R152.H5",1
"T13_1000_R156.H5",1
"T13_1000_R160.H5",1
"T13_1000_R164.H5",1
"T13_1000_R168.H5",1
"T13_1000_R172.H5",1
"T13_1000_R176.H5",1
"T13_1000_R180.H5",1
"T13_1000_R184.H5",1
"T13_1000_R188.H5",1
"T13_1000_R192.H5",1
"T13_1000_R196.H5",1
"T13_1000_R200.H5",1
"T13_1000_R204.H5",1
"T13_1000_R208.H5",1
"T13_210_R002.H5",1
"T13_350_R000.H5",1
"T13_350_R008.H5",1
"T13_350_R022.H5",1
"T13_350_R026.H5",1
"T13_350_R030.H5",1
"T13_350_R034.H5",1
"T13_350_R038.H5",1
"T13_350_R042.H5",1
"T13_350_R046.H5",1
"T13_350_R050.H5",1
"T13_350_R056.H5",1
"T13_350_R060.H5",1
"T13_350_R064.H5",1
"T13_350_R068.H5",1
"T13_350_R104.H5",1
"T13_350_R108.H5",1
"T13_350_R112.H5",1
"T13_350_R116.H5",1
"T13_350_R122.H5",1
"T13_350_R126.H5",1
"T13_350_R130.H5",1
"T13_350_R134.H5",1
"T13_350_R142.H5",1
"T13_350_R150.H5",1
"T13_350_R154.H5",1
"T13_350_R158.H5",1
"T13_350_R162.H5",1
"T13_350_R174.H5",1
"T13_350_R178.H5",1
"T13_350_R184.H5",1
"T13_350_R192.H5",1
"T13_350_R196.H5",1
"T13_350_R200.H5",1
"T13_350_R216.H5",1
"T13_350_R222.H5",1
"T13_350_R226.H5",1
"T13_350_R232.H5",1
"T13_350_R236.H5",1
"T13_350_R240.H5",1
"T13_350_R244.H5",1
"T13_350_R302.H5",1
"T13_350_R306.H5",1
"T13_350_R310.H5",1
"T13_350_R314.H5",1
"T13_350_R318.H5",1
"T13_350_R322.H5",1
"T13_350_R328.H5",1
"T13_350_R334.H5",1
"T13_350_R338.H5",1
"T13_350_R342.H5",1
"T13_350_R346.H5",1
"T13_350_R350.H5",1
"T13_350_R354.H5",1
"T13_350_R358.H5",1
"T13_350_R362.H5",1
"T13_350_R368.H5",1
"T13_350_R374.H5",1
"T13_350_R378.H5",1
"T13_351_R000.H5",1
"T13_351_R008.H5",1
"T13_351_R022.H5",1
"T13_351_R026.H5",1
"T13_351_R030.H5",1
"T13_351_R034.H5",1
"T13_351_R038.H5",1
"T13_351_R042.H5",1
"T13_351_R046.H5",1
"T13_351_R050.H5",1
"T13_351_R056.H5",1
"T13_351_R060.H5",1
"T13_351_R064.H5",1
"T13_351_R068.H5",1
"T13_351_R104.H5",1
"T13_351_R108.H5",1
"T13_351_R112.H5",1
"T13_351_R116.H5",1
"T13_351_R122.H5",1
"T13_351_R126.H5",1
"T13_351_R130.H5",1
"T13_351_R134.H5",1
"T13_351_R142.H5",1
"T13_351_R150.H5",1
"T13_351_R154.H5",1
"T13_351_R158.H5",1
"T13_351_R162.H5",1
"T13_351_R174.H5",1
"T13_351_R178.H5",1
"T13_351_R184.H5",1
"T13_351_R192.H5",1
"T13_351_R196.H5",1
"T13_351_R200.H5",1
"T13_351_R216.H5",1
"T13_351_R222.H5",1
"T13_351_R226.H5",1
"T13_351_R232.H5",1
"T13_351_R236.H5",1
"T13_351_R240.H5",1
"T13_351_R244.H5",1
"T13_351_R302.H5",1
"T13_351_R306.H5",1
"T13_351_R310.H5",1
"T13_351_R314.H5",1
"T13_351_R318.H5",1
"T13_351_R322.H5",1
"T13_351_R328.H5",1
"T13_351_R334.H5",1
"T13_351_R338.H5",1
"T13_351_R342.H5",1
"T13_351_R346.H5",1
"T13_351_R350.H5",1
"T13_351_R354.H5",1
"T13_351_R358.H5",1
"T13_351_R362.H5",1
"T13_351_R368.H5",1
"T13_351_R374.H5",1
"T13_351_R378.H5",1
"T13_352_R000.H5",1
"T13_352_R008.H5",1
"T13_352_R022.H5",1
"T13_352_R026.H5",1
"T13_352_R030.H5",1
"T13_352_R034.H5",1
"T13_352_R038.H5",1
"T13_352_R042.H5",1
"T13_352_R046.H5",1
"T13_352_R050.H5",1
"T13_352_R056.H5",1
"T13_352_R060.H5",1
"T13_352_R064.H5",1
"T13_352_R068.H5",1
"T13_352_R104.H5",1
"T13_352_R108.H5",1
"T13_352_R112.H5",1
"T13_352_R116.H5",1
"T13_352_R122.H5",1
"T13_352_R126.H5",1
"T13_352_R130.H5",1
"T13_352_R134.H5",1
"T13_352_R142.H5",1
"T13_352_R150.H5",1
