Sample_Index,Max_diff_time_hours,Time_period,Value_min,Value_max,Range,Mean,Sd,Median
0,0.172190833,21.18,9.03,16.19,7.17,11.56,1.76,11.38
1,0.167593611,20.25,9.01,16.16,7.15,11.59,1.79,11.4
2,0.167593611,19.02,9.01,16.17,7.16,11.66,1.84,11.44
3,0.167593611,18.43,9,16.48,7.48,11.74,1.87,11.56
4,0.167593611,19.21,8.99,16.48,7.49,11.74,1.86,11.59
5,0.122411111,19.51,8.99,16.48,7.49,11.69,1.83,11.53
6,0.122411111,20.71,8.99,16.48,7.49,11.59,1.79,11.36
7,0.122411111,20.61,8.99,16.29,7.3,11.48,1.77,11.21
8,0.111252778,19.56,9,16.08,7.08,11.48,1.78,11.19
9,0.111252778,19.2,8.98,16.27,7.3,11.45,1.8,11.16
10,0.176934444,18.64,8.98,16.27,7.3,11.5,1.83,11.22
11,0.176934444,17.98,8.98,16.27,7.3,11.61,1.86,11.38
12,0.176934444,18.01,8.98,16.27,7.3,11.65,1.88,11.41
13,0.176934444,18.07,9,16.21,7.21,11.75,1.92,11.5
14,0.178964722,18.09,9.01,16.29,7.29,11.75,1.93,11.51
15,0.178964722,18.59,9.01,16.29,7.29,11.74,1.93,11.47
16,0.1972425,20.32,9,16.29,7.3,11.69,1.91,11.45
17,0.1972425,22.3,9,16.29,7.3,11.64,1.87,11.42
18,0.1972425,21.94,9,16.28,7.28,11.64,1.86,11.46
19,0.1972425,22.65,8.99,16.28,7.29,11.67,1.87,11.5
20,0.2104675,22.34,8.97,16.28,7.31,11.69,1.87,11.52
21,0.2104675,21.16,8.97,16.28,7.31,11.73,1.89,11.57
22,0.2104675,24.09,8.97,16.09,7.12,11.68,1.85,11.48
23,0.2104675,24.45,8.97,16.09,7.12,11.63,1.81,11.44
24,0.182841667,25.1,8.97,16.07,7.11,11.66,1.84,11.46
25,0.182841667,24.98,8.97,16.21,7.24,11.63,1.87,11.38
26,0.182841667,22.19,8.97,16.21,7.24,11.63,1.91,11.41
27,0.182841667,21.55,8.97,16.21,7.24,11.61,1.92,11.37
28,0.164972222,19.91,8.97,16.53,7.56,11.56,1.9,11.34
29,0.169920556,19.56,8.97,16.53,7.56,11.64,1.92,11.42
30,0.169920556,19.5,8.96,16.53,7.58,11.78,2,11.51
31,0.169920556,19.58,8.96,16.53,7.58,11.87,2.06,11.64
32,0.169920556,19.83,8.96,16.36,7.41,11.87,2.05,11.65
33,0.158718611,20.06,8.96,16.36,7.41,11.82,2.02,11.59
34,0.158718611,20.74,8.96,16.36,7.41,11.71,1.94,11.48
35,0.158718611,21.56,8.98,16.26,7.28,11.64,1.89,11.4
36,0.158718611,21.06,8.98,16.26,7.28,11.66,1.88,11.44
37,0.157437222,21.44,8.98,16.26,7.28,11.65,1.84,11.43
38,0.161456389,21.71,8.98,16.19,7.21,11.66,1.81,11.45
39,0.161456389,20.64,8.99,16.04,7.05,11.68,1.8,11.48
40,0.179451944,21.34,8.98,16.04,7.06,11.65,1.79,11.44
41,0.179451944,21.2,8.98,16.04,7.06,11.63,1.79,11.42
42,0.286576111,20.92,8.98,15.87,6.89,11.6,1.79,11.41
43,0.286576111,21.09,8.98,15.87,6.89,11.6,1.8,11.41
44,0.286576111,20.92,8.98,15.98,7,11.61,1.85,11.41
45,0.286576111,20.76,0,16.24,16.24,11.53,2.24,11.41
46,0.244483333,20.24,0,16.26,16.26,11.57,2.25,11.45
47,0.244483333,20.27,0,16.26,16.26,11.59,2.27,11.47
48,0.244483333,20.11,0,16.26,16.26,11.76,2.33,11.63
49,0.214885278,20.28,8.95,16.26,7.31,11.94,2,11.74
50,0.214885278,20.37,8.95,16.23,7.28,11.96,2.02,11.78
51,0.214885278,19.86,8.96,16.23,7.26,11.98,2.03,11.8
52,0.214885278,20.17,8.98,16.23,7.25,11.82,1.94,11.64
53,0.129945278,20.94,8.97,16.23,7.26,11.69,1.9,11.46
54,0.130336944,21.03,8.94,16.08,7.14,11.65,1.89,11.38
55,0.152054722,21.95,8.93,16.08,7.15,11.58,1.85,11.33
56,0.152054722,21.83,8.93,16.26,7.34,11.6,1.88,11.36
57,0.153072222,20.47,8.93,16.48,7.55,11.66,1.92,11.48
58,0.153072222,19.93,8.93,16.48,7.55,11.68,1.91,11.5
59,0.153072222,19.28,8.92,16.48,7.56,11.64,1.92,11.42
60,0.153072222,18.82,8.92,16.48,7.56,11.62,1.91,11.34
61,0.148444444,19.45,8.92,16.1,7.18,11.63,1.88,11.4
62,0.148444444,19.87,8.92,16.11,7.19,11.73,1.9,11.55
63,0.148444444,19.95,8.93,16.11,7.18,11.85,1.91,11.71
64,0.148444444,20.34,8.94,16.14,7.2,11.93,1.93,11.8
65,0.184730556,20.35,8.94,16.14,7.2,11.94,1.94,11.78
66,0.184730556,20.6,8.94,16.29,7.35,11.82,1.91,11.66
67,0.184730556,20.6,8.94,16.29,7.35,11.74,1.9,11.56
68,0.1997,20.93,8.93,16.29,7.36,11.69,1.87,11.49
69,0.1997,20.53,8.93,16.29,7.36,11.66,1.85,11.45
70,0.1997,20.98,8.93,16.16,7.23,11.65,1.87,11.42
71,0.1997,22.31,8.93,16.03,7.1,11.6,1.87,11.4
72,0.167242778,22.74,8.94,16.03,7.09,11.55,1.87,11.32
73,11.68284722,48.67,0,16.35,16.35,11.5,2.18,11.31
74,11.68284722,49.15,0,16.35,16.35,11.59,2.21,11.37
75,11.68284722,48.18,0,16.35,16.35,11.67,2.23,11.38
76,11.68284722,48.22,0,16.36,16.36,11.75,2.26,11.48
77,0.280678611,23.56,8.95,16.36,7.41,11.83,1.96,11.59
78,0.327761944,24.14,8.95,16.36,7.41,11.75,1.92,11.56
79,0.327761944,23.56,8.97,16.36,7.4,11.75,1.93,11.58
80,0.327761944,23.25,8.97,16.1,7.13,11.74,1.92,11.59
81,0.327761944,22.94,8.97,16.11,7.14,11.7,1.92,11.53
82,0.157438056,21.73,8.97,16.11,7.14,11.67,1.9,11.46
83,0.157438056,23.24,8.97,16.14,7.17,11.63,1.88,11.4
84,0.153224167,23.01,8.98,16.14,7.17,11.61,1.86,11.42
85,0.156877778,22.83,8.98,16.14,7.17,11.66,1.84,11.47
86,0.156877778,23.35,8.98,16.14,7.17,11.69,1.85,11.48
87,0.156877778,22.14,8.97,16.09,7.12,11.75,1.84,11.53
88,0.156877778,21.99,8.97,16.26,7.29,11.74,1.84,11.5
89,0.172078889,21.73,8.97,16.26,7.29,11.74,1.85,11.53
90,0.172078889,21.84,8.97,16.26,7.29,11.72,1.84,11.57
91,0.172078889,23.07,8.96,16.26,7.3,11.67,1.83,11.52
92,0.172078889,23.62,8.96,16.14,7.17,11.65,1.83,11.49
93,0.161309167,23.09,8.96,16.14,7.17,11.64,1.84,11.45
94,0.202008333,22.37,8.96,16.14,7.17,11.7,1.86,11.51
95,0.202008333,21.63,8.98,16.14,7.16,11.81,1.86,11.69
96,0.202008333,21.54,8.98,16.34,7.36,11.81,1.86,11.65
97,0.202008333,22.7,8.98,16.34,7.36,11.78,1.85,11.6
98,0.16844,23.44,8.98,16.34,7.36,11.7,1.85,11.47
99,0.188111111,23.34,8.98,16.34,7.36,11.6,1.85,11.37
100,0.188111111,23.91,8.99,15.98,6.99,11.62,1.87,11.43
101,0.188111111,23.32,8.99,15.98,6.99,11.56,1.84,11.33
102,0.188111111,22.51,8.99,15.98,6.98,11.47,1.79,11.27
103,0.124893611,22.36,8.99,16.18,7.18,11.49,1.79,11.27
104,0.133078611,21.57,8.99,16.18,7.18,11.44,1.76,11.23
105,0.133078611,21.83,8.98,16.18,7.2,11.46,1.77,11.23
106,0.133078611,22.96,8.98,16.18,7.2,11.57,1.8,11.4
107,0.142437222,23.32,8.98,16.27,7.29,11.59,1.82,11.42
108,0.151248056,23.88,8.97,16.28,7.31,11.63,1.88,11.44
109,0.187376667,24.14,8.97,16.28,7.31,11.71,1.92,11.53
110,0.187376667,23.57,8.97,16.28,7.31,11.71,1.94,11.53
111,0.187376667,22.7,8.97,16.28,7.31,11.73,1.94,11.56
112,0.187376667,21.91,9.03,16.22,7.19,11.78,1.93,11.6
113,0.159355556,21,9.03,16.16,7.13,11.75,1.92,11.52
114,0.159355556,20.82,9.04,16.38,7.35,11.76,1.93,11.51
115,0.160678889,20.77,9.02,16.38,7.36,11.8,1.96,11.56
116,0.160678889,20.37,9.02,16.38,7.36,11.86,1.99,11.69
117,0.160678889,20.42,9.02,16.38,7.37,11.92,2.01,11.74
118,0.160678889,19.86,9.02,16.29,7.28,11.99,2,11.86
119,0.1526675,19.93,9.01,16.29,7.28,11.94,1.96,11.81
120,0.1526675,21.24,9.01,16.29,7.28,11.8,1.92,11.62
121,0.212177778,22.56,8.99,16.27,7.28,11.67,1.92,11.44
122,0.212177778,22.59,8.97,16.27,7.3,11.56,1.89,11.24
123,0.212177778,22.71,8.97,16.33,7.36,11.5,1.9,11.11
124,0.212177778,21.59,8.97,16.33,7.36,11.56,1.9,11.26
125,0.146374167,20.57,8.97,16.33,7.36,11.63,1.84,11.4
126,0.149364722,20.47,8.97,16.33,7.36,11.66,1.85,11.47
127,0.149364722,20.24,8.97,16.04,7.06,11.75,1.85,11.61
128,0.149364722,20.42,8.97,16.04,7.06,11.7,1.86,11.57
129,0.150969444,20.23,8.97,16.32,7.34,11.73,1.9,11.61
130,0.160388889,20.17,8.97,16.4,7.42,11.75,1.89,11.6
131,0.169330556,20.52,8.97,16.4,7.42,11.67,1.87,11.5
132,0.169330556,21.13,8.98,16.4,7.42,11.58,1.85,11.34
133,0.174170278,21.02,8.98,16.4,7.42,11.65,1.89,11.39
134,0.174170278,21.1,8.98,16.26,7.29,11.72,1.91,11.51
135,0.174170278,20.75,8.97,16.26,7.29,11.81,1.91,11.65
136,0.198375833,21.36,8.97,16.26,7.29,11.91,1.9,11.77
137,0.209886111,23.38,8.97,16.15,7.18,11.81,1.86,11.65
138,0.209886111,23.58,8.97,15.96,6.99,11.7,1.82,11.53
139,0.209886111,24.42,8.97,15.96,7,11.63,1.8,11.49
140,0.209886111,23.49,8.97,16.11,7.14,11.68,1.83,11.5
141,1.9786675,23.67,8.96,16.11,7.14,11.69,1.84,11.52
142,1.9786675,24.03,8.96,16.11,7.14,11.77,1.87,11.56
143,1.9786675,23.54,8.96,16.11,7.14,11.84,1.89,11.61
144,1.9786675,22.62,8.96,16.04,7.08,11.91,1.91,11.71
145,0.209686111,20.03,8.97,16.07,7.1,12.01,1.94,11.81
146,0.209686111,20.04,8.97,16.28,7.31,12,1.97,11.84
147,0.164729444,20.54,8.98,16.28,7.3,11.93,1.96,11.77
148,4.598796111,27.82,7.86,16.28,8.42,11.79,1.91,11.68
149,4.598796111,28.44,7.86,16.28,8.42,11.68,1.86,11.57
150,4.598796111,28.05,7.86,16.02,8.16,11.65,1.83,11.56
151,4.598796111,27.17,7.86,16.02,8.16,11.7,1.87,11.61
152,0.139798056,20.35,8.84,16.02,7.18,11.77,1.9,11.67
153,0.153943611,19.48,8.84,16.1,7.26,11.81,1.95,11.7
154,0.153943611,19.43,8.84,16.1,7.26,11.81,1.92,11.68
155,0.153943611,20.28,8.84,16.1,7.26,11.81,1.9,11.69
156,0.153943611,20.75,8.85,16.1,7.25,11.79,1.87,11.7
157,0.151209167,21.45,8.84,15.95,7.1,11.72,1.81,11.64
158,0.148171389,21.53,8.84,15.95,7.1,11.71,1.83,11.63
159,0.143604722,20.01,8.84,15.93,7.09,11.69,1.87,11.57
160,0.143604722,19.9,8.84,15.93,7.09,11.61,1.89,11.45
161,0.154976111,19.37,8.84,16.15,7.32,11.69,1.94,11.52
162,0.154976111,19.86,8.84,16.53,7.7,11.67,1.97,11.43
163,0.154976111,20.7,8.84,16.53,7.7,11.67,1.96,11.46
164,0.154976111,20.83,8.84,16.53,7.69,11.7,1.96,11.49
165,0.122741667,21.57,8.84,16.53,7.69,11.54,1.91,11.31
166,0.122741667,20.9,8.84,16.12,7.28,11.57,1.87,11.4
167,0.157810278,21.85,8.84,16.06,7.22,11.5,1.83,11.33
168,0.157810278,21.31,8.85,16.06,7.21,11.57,1.85,11.42
169,0.251111111,22.32,8.85,16.08,7.24,11.67,1.88,11.53
170,0.251111111,23.18,8.85,16.08,7.24,11.67,1.87,11.57
171,0.251111111,22.23,8.87,16.08,7.21,11.77,1.87,11.7
172,0.251111111,23.58,8.85,16.08,7.23,11.71,1.85,11.68
173,0.249023333,22.76,8.85,15.99,7.14,11.7,1.83,11.73
174,0.243247222,22.02,8.85,16.06,7.21,11.64,1.83,11.69
175,0.243247222,22.21,8.85,16.19,7.34,11.55,1.85,11.53
176,0.243247222,21.67,8.85,16.19,7.34,11.5,1.82,11.45
177,0.158831389,21.45,8.85,16.19,7.34,11.54,1.83,11.43
178,0.166977778,21.33,8.85,16.19,7.34,11.64,1.85,11.53
179,0.194920556,21.37,8.85,15.95,7.1,11.71,1.85,11.62
180,0.268620278,20.78,8.89,16.47,7.58,11.73,1.84,11.66
181,0.268620278,21.3,8.88,16.47,7.59,11.68,1.85,11.59
182,0.268620278,22.77,8.88,16.47,7.59,11.59,1.85,11.43
183,0.268620278,23.2,8.88,16.47,7.59,11.5,1.83,11.3
184,0.163323056,24.03,8.88,16.04,7.16,11.45,1.81,11.21
185,0.163323056,23.78,8.88,16.04,7.16,11.44,1.76,11.26
186,0.282909444,22.49,8.88,16.04,7.16,11.44,1.73,11.29
187,0.282909444,21.49,8.88,15.89,7.01,11.48,1.72,11.35
188,0.282909444,20.81,8.88,15.69,6.82,11.5,1.72,11.41
189,0.282909444,21.01,8.89,15.69,6.8,11.52,1.71,11.43
190,0.184476944,21.57,8.89,15.55,6.66,11.6,1.73,11.61
191,0.184476944,23.07,8.89,15.55,6.66,11.61,1.72,11.62
192,0.134688889,23.41,8.91,15.74,6.83,11.66,1.75,11.65
193,0.134688889,22.59,8.89,15.74,6.85,11.67,1.8,11.67
194,0.167038889,22.42,8.89,15.74,6.85,11.6,1.8,11.53
195,0.167038889,21.25,8.89,16.12,7.23,11.61,1.81,11.54
196,0.167038889,20.97,8.89,16.12,7.23,11.56,1.78,11.48
197,0.167038889,21.46,8.89,16.12,7.23,11.52,1.75,11.46
198,0.159368333,21.62,8.89,16.12,7.23,11.49,1.75,11.32
199,0.159368333,22.03,8.89,15.89,7,11.48,1.74,11.32
200,0.159368333,21.93,8.89,15.89,7,11.5,1.75,11.4
201,0.159368333,22.09,8.9,15.89,6.99,11.46,1.74,11.28
202,0.144068333,22.74,8.91,15.88,6.98,11.52,1.73,11.43
203,0.177155556,22.75,8.91,15.88,6.98,11.48,1.71,11.37
204,0.177155556,23.01,8.91,15.88,6.97,11.51,1.71,11.44
205,0.275746389,22.62,8.91,15.88,6.97,11.59,1.72,11.53
206,0.275746389,22.53,8.9,15.61,6.71,11.52,1.72,11.4
207,0.275746389,21.47,8.9,15.82,6.92,11.61,1.73,11.58
208,0.275746389,20.82,8.9,15.82,6.92,11.62,1.73,11.6
209,0.163496389,20.92,8.9,15.84,6.94,11.56,1.73,11.57
210,0.164277778,19.71,8.9,15.84,6.94,11.65,1.75,11.66
211,0.164277778,21.14,8.9,15.84,6.94,11.59,1.76,11.56
212,0.219981389,21.48,8.91,15.84,6.94,11.56,1.76,11.46
213,0.219981389,20.76,8.91,15.85,6.94,11.65,1.78,11.59
214,0.219981389,21.22,8.91,15.85,6.94,11.61,1.77,11.54
215,0.219981389,21.05,8.91,15.85,6.94,11.6,1.78,11.47
216,0.208987778,21.7,8.92,15.85,6.93,11.58,1.77,11.46
217,0.208987778,22.02,8.92,15.75,6.83,11.55,1.76,11.46
218,0.324485278,22.9,8.91,15.75,6.84,11.53,1.71,11.45
219,6.285914722,55.22,0,16.8,16.8,11.52,1.71,11.45
220,6.285914722,58.8,0,16.8,16.8,11.63,1.75,11.51
221,6.285914722,61.1,0,16.8,16.8,11.7,1.78,11.52
222,6.285914722,60.05,0,16.8,16.8,11.92,1.87,11.72
223,0.907913889,26.94,9.29,16.5,7.21,12.08,1.89,11.9
224,0.907913889,22.53,9.28,16.51,7.23,12.13,1.93,12.02
225,0.436460278,20.59,9.22,16.65,7.43,12.14,1.94,11.99
226,0.436460278,19.97,9.22,16.81,7.6,12.07,1.95,11.81
227,0.436460278,20.97,9.22,16.81,7.6,11.98,1.93,11.71
228,0.436460278,21.26,9.22,16.81,7.6,11.85,1.87,11.59
229,0.158904722,22.12,9.23,16.81,7.58,11.77,1.8,11.52
230,0.155822222,23.38,9.24,16.11,6.88,11.71,1.73,11.52
231,0.174808333,22.42,9.24,16.08,6.84,11.82,1.75,11.64
232,0.174808333,21.63,9.24,16.09,6.84,11.91,1.8,11.72
233,0.174808333,22.74,9.24,16.48,7.24,12,1.83,11.81
234,0.174808333,22.74,9.24,16.48,7.24,12.09,1.84,11.97
235,0.165034167,24.48,9.24,16.48,7.24,11.97,1.79,11.81
236,0.171252778,26.69,9.24,16.48,7.24,11.87,1.77,11.66
237,0.199369444,26.08,9.24,16.13,6.9,11.82,1.79,11.54
238,0.214213889,27.36,9.24,16.19,6.95,11.8,1.81,11.47
239,0.214213889,26.54,9.24,16.19,6.95,11.84,1.84,11.6
240,0.214213889,24.7,9.24,16.42,7.18,11.97,1.86,11.8
241,0.214213889,23.7,9.24,16.42,7.18,12.07,1.84,11.95
242,0.186713889,21.42,9.34,16.42,7.08,12.15,1.87,11.99
243,0.179225833,21.56,9.36,16.42,7.07,12.16,1.87,12
244,0.179225833,23.56,9.34,16.4,7.05,12.09,1.85,11.89
245,0.189951667,24.48,9.34,16.4,7.05,12.04,1.84,11.78
246,0.189951667,25.58,9.34,16.42,7.07,11.93,1.76,11.69
247,0.734200833,25.65,9.34,16.42,7.07,11.94,1.75,11.69
248,0.734200833,24.94,9.36,16.42,7.06,11.96,1.76,11.69
249,3.295055556,24.86,9.38,16.42,7.04,12.04,1.75,11.83
250,3.295055556,24.37,9.38,16.73,7.36,12.07,1.8,11.9
251,3.295055556,24.44,9.38,16.73,7.36,12.02,1.82,11.67
252,3.295055556,24.49,9.38,16.73,7.36,12.01,1.83,11.65
253,0.281340833,23.56,9.38,16.92,7.55,11.97,1.83,11.63
254,0.281340833,23.94,9.41,16.92,7.52,11.92,1.79,11.61
255,0.156183333,22.15,9.42,16.92,7.51,12.05,1.8,11.89
256,0.156183333,21.31,9.42,16.92,7.51,12.13,1.81,11.94
257,0.145779722,19.95,9.42,16.61,7.19,12.18,1.84,11.94
258,0.1517,19.73,9.46,16.61,7.16,12.25,1.85,12.05
259,0.174725,21.19,9.47,16.61,7.14,12.15,1.86,11.82
260,0.174725,22.16,9.47,16.61,7.14,12.21,1.9,11.95
261,0.174725,25.61,9.47,16.43,6.96,12.16,1.92,11.87
262,0.174725,27.48,9.46,16.43,6.98,12.12,1.93,11.82
263,0.168909167,26.87,9.46,16.43,6.98,12.18,1.91,11.98
264,0.168909167,25.75,9.46,16.35,6.9,12.17,1.86,11.97
265,0.168909167,23.82,9.46,16.74,7.29,12.17,1.84,11.97
266,0.167078611,20.98,9.46,16.74,7.29,12.27,1.83,12.15
267,0.31255,23.07,9.45,16.74,7.3,12.2,1.88,11.97
268,0.31255,24.29,9.45,16.74,7.3,12.09,1.88,11.74
269,0.31255,23.86,9.45,16.44,7,12.11,1.85,11.83
270,0.31255,24.87,9.45,16.44,7,12.01,1.81,11.68
271,0.2691675,22.53,9.46,16.69,7.23,12.06,1.79,11.84
272,0.2691675,21.33,9.47,16.72,7.25,12.11,1.8,11.89
273,5.9155,28.11,9.49,16.72,7.23,12.16,1.86,11.9
274,5.9155,27.41,9.49,16.72,7.23,12.2,1.89,11.97
275,5.9155,28.49,9.49,16.72,7.23,12.19,1.9,11.93
276,5.9155,29.91,9.52,16.78,7.26,12.15,1.89,11.9
277,0.275751944,25.86,9.52,16.78,7.26,12.1,1.84,11.88
278,0.298408333,27.46,9.52,16.78,7.26,12.12,1.85,11.88
279,0.298408333,27.33,9.52,16.78,7.26,12.19,1.87,11.93
280,0.298408333,26.08,9.51,16.79,7.28,12.25,1.88,11.99
281,0.298408333,24.74,9.51,16.79,7.28,12.24,1.9,11.94
282,0.191539722,23.62,9.51,16.79,7.28,12.21,1.85,11.94
283,0.141885278,23.52,9.51,16.91,7.4,12.13,1.85,11.84
284,0.141885278,23.49,9.54,16.98,7.45,12.16,1.85,11.87
285,0.280825,22.5,9.54,16.98,7.45,12.17,1.84,11.91
286,0.280825,21.84,9.54,16.98,7.45,12.18,1.88,11.84
287,0.280825,21.33,9.54,17.46,7.93,12.23,1.88,11.89
288,0.280825,22.23,9.54,17.46,7.93,12.15,1.88,11.75
289,0.226611111,21.45,9.54,17.46,7.93,12.12,1.88,11.71
290,0.226611111,21.08,9.54,17.46,7.93,12.13,1.89,11.73
291,0.199473056,20.64,9.55,16.54,6.99,12.11,1.86,11.79
292,0.153435,20.14,9.52,16.54,7.02,12.12,1.86,11.9
293,0.183523056,21.87,9.52,16.54,7.02,12.15,1.85,11.96
294,0.183523056,24.46,9.52,16.54,7.03,12.14,1.84,11.93
295,0.183523056,26.77,9.52,16.37,6.86,12.19,1.86,11.97
296,0.183523056,27.08,9.52,16.37,6.86,12.28,1.87,12.06
297,0.291412778,26.16,9.52,16.62,7.1,12.28,1.86,12.01
298,0.291412778,25.67,9.51,16.62,7.1,12.27,1.85,12.03
299,0.291412778,25.49,9.51,16.62,7.1,12.22,1.84,12
300,0.291412778,25.91,9.51,16.92,7.41,12.19,1.82,12
301,0.313936944,26.93,9.51,16.92,7.41,12.22,1.81,12.09
302,0.313936944,25.89,9.51,16.95,7.43,12.36,1.86,12.19
303,0.313936944,25.75,9.53,16.95,7.41,12.46,1.86,12.26
304,4.704933333,32.41,9.55,16.95,7.4,12.46,1.88,12.2
305,4.704933333,31.93,9.57,16.95,7.38,12.46,1.89,12.19
306,4.704933333,33.33,9.67,16.9,7.23,12.34,1.86,12.03
307,4.704933333,33.46,9.65,16.71,7.06,12.26,1.85,11.97
308,0.164773333,26.3,9.62,16.69,7.07,12.25,1.84,11.96
309,0.164773333,26.66,9.62,16.69,7.07,12.22,1.88,11.9
310,0.138352778,25.09,9.62,16.67,7.05,12.23,1.88,11.88
311,0.144681389,24.82,9.6,16.71,7.11,12.16,1.86,11.76
312,0.144681389,25.96,9.6,16.71,7.11,12.07,1.85,11.69
313,2.819766667,29.34,9.55,16.74,7.19,12.03,1.82,11.66
314,2.819766667,29.93,9.54,16.74,7.19,11.99,1.83,11.64
315,2.819766667,28.37,9.54,16.79,7.25,12.08,1.88,11.71
316,2.819766667,27.77,9.5,16.82,7.32,12.15,1.91,11.79
317,0.160955556,24.46,9.5,16.82,7.32,12.16,1.92,11.84
318,0.1666175,23.78,9.5,16.82,7.32,12.2,1.9,11.92
319,0.1666175,26.12,9.5,16.91,7.4,12.14,1.86,11.87
320,0.171091667,27.22,9.51,16.91,7.39,12.14,1.84,11.86
321,5.040038889,33.24,9.57,16.91,7.33,12.19,1.82,11.88
322,5.040038889,33.77,9.63,16.91,7.28,12.26,1.86,11.96
323,5.040038889,33.48,9.63,16.87,7.24,12.31,1.86,12.01
324,5.040038889,31.8,9.62,16.92,7.29,12.3,1.9,11.96
325,0.336993611,26.7,9.59,16.92,7.33,12.3,1.92,11.99
326,0.336993611,27.18,9.58,17.32,7.75,12.19,1.89,11.86
327,0.336993611,26.56,9.56,17.32,7.76,12.11,1.87,11.79
328,0.336993611,26.53,9.54,17.32,7.79,12.15,1.85,11.91
329,0.204699167,24.41,9.52,17.32,7.8,12.17,1.83,11.95
330,0.161113056,22.61,9.5,16.62,7.12,12.29,1.88,12.1
331,0.161113056,20.79,9.5,16.62,7.12,12.37,1.9,12.18
332,0.161113056,20.1,9.5,16.65,7.15,12.42,1.91,12.25
333,0.154620278,19.73,9.5,16.69,7.19,12.43,1.93,12.24
334,0.154620278,20.6,9.5,16.69,7.19,12.4,1.91,12.24
335,0.154620278,22.01,9.5,16.69,7.19,12.41,1.91,12.24
336,0.162103611,23.4,9.5,16.69,7.19,12.23,1.9,11.99
337,0.162103611,25.26,9.49,16.51,7.02,12.08,1.84,11.8
338,0.16769,25.89,9.49,16.51,7.02,11.96,1.81,11.62
339,0.181752778,27.13,9.49,16.39,6.9,11.83,1.74,11.49
340,0.181752778,25.84,9.49,16.34,6.85,11.89,1.74,11.6
341,0.181752778,25.08,9.5,16.34,6.84,11.89,1.76,11.6
342,0.197736944,24.83,9.5,16.34,6.84,11.9,1.74,11.64
343,0.197736944,23.32,9.52,16.22,6.7,11.93,1.74,11.69
344,0.197736944,23.83,9.51,16.54,7.03,11.96,1.77,11.71
345,0.197736944,22.72,9.5,16.54,7.03,12.06,1.79,11.83
346,0.220923056,21.84,9.5,16.54,7.03,12.09,1.81,11.82
347,0.220923056,21.99,9.5,17.01,7.51,12.21,1.82,11.92
348,0.220923056,22.94,9.5,17.48,7.97,12.35,1.86,12.04
349,0.220923056,23.74,9.52,17.48,7.96,12.47,1.85,12.14
350,0.141916667,24.59,9.57,17.48,7.91,12.64,1.84,12.31
351,0.160539722,25.48,10.08,17.48,7.4,12.68,1.86,12.34
352,0.160539722,24.1,10.02,16.96,6.95,12.68,1.82,12.42
353,0.161611944,23.13,10,16.96,6.97,12.7,1.83,12.45
354,0.237955556,26.13,9.98,16.96,6.99,12.58,1.84,12.36
355,0.237955556,25.91,9.98,17.05,7.08,12.52,1.82,12.28
356,0.291753889,26.41,9.98,17.05,7.08,12.58,1.84,12.35
357,0.291753889,26.84,9.98,17.05,7.08,12.64,1.87,12.46
358,0.291753889,25.28,9.92,17.05,7.13,12.73,1.9,12.52
359,0.291753889,26.36,9.9,16.95,7.05,12.75,1.89,12.59
360,0.181214722,28.24,9.9,17.13,7.23,12.68,1.89,12.44
361,0.181214722,28.19,9.9,17.13,7.23,12.65,1.9,12.38
362,0.181214722,27.05,9.82,17.13,7.31,12.69,1.87,12.49
363,0.434681389,27.7,9.79,17.13,7.34,12.67,1.93,12.48
364,0.434681389,28.37,9.78,16.98,7.2,12.58,1.93,12.4
365,0.434681389,29.55,9.76,16.8,7.04,12.48,1.87,12.27
366,0.434681389,28.8,9.72,16.85,7.13,12.41,1.87,12.16
367,0.194786111,25.64,9.67,16.85,7.18,12.39,1.82,12.15
368,0.1807925,24.87,9.55,16.85,7.3,12.31,1.85,12.04
369,0.200155556,25.75,9.54,16.85,7.31,12.22,1.89,11.93
370,6.283023056,30.9,9.54,16.81,7.27,12.15,1.87,11.86
371,6.283023056,30.78,9.54,16.81,7.27,12.1,1.87,11.78
372,6.283023056,27.64,9.54,16.86,7.31,12.22,1.88,12.01
373,6.283023056,25.92,9.55,16.86,7.31,12.25,1.88,12.06
374,0.316928611,21.73,9.54,16.86,7.32,12.23,1.89,12
375,0.183709444,21.88,9.54,17.06,7.52,12.25,1.9,12.01
376,0.183709444,22.43,9.54,17.06,7.52,12.24,1.89,11.98
377,0.216319444,22.96,9.52,17.06,7.54,12.17,1.88,11.88
378,0.216319444,21.82,9.52,17.06,7.54,12.11,1.85,11.84
379,0.216319444,21.83,9.52,16.7,7.18,12.12,1.85,11.84
380,0.216319444,22.81,9.52,16.6,7.08,12.03,1.84,11.7
381,0.184903611,22.17,9.52,16.6,7.08,12.07,1.87,11.7
382,6.386509167,30.56,9.51,16.91,7.41,12.16,1.89,11.88
383,6.386509167,32.88,9.48,16.91,7.43,12.11,1.89,11.82
384,6.386509167,33.01,9.48,16.91,7.43,12.16,1.91,11.86
385,6.386509167,32.69,9.48,16.91,7.43,12.22,1.94,11.97
386,2.151343611,27.05,9.48,16.85,7.37,12.24,1.97,11.99
387,2.151343611,25.46,9.49,16.85,7.36,12.32,2.01,12.06
388,2.151343611,25.75,9.5,16.85,7.35,12.24,1.98,11.98
389,2.151343611,26.22,9.5,16.85,7.35,12.17,1.91,11.9
390,0.236887222,22.59,9.51,16.74,7.23,12.24,1.88,11.97
391,0.191483333,22.1,9.51,16.74,7.23,12.19,1.83,11.94
392,0.191483333,22.1,9.5,16.74,7.24,12.21,1.83,11.94
393,0.175828889,23.41,9.5,16.74,7.24,12.19,1.87,11.9
394,0.175828889,24.66,9.5,16.84,7.34,12.11,1.84,11.81
395,0.175828889,25.03,9.5,16.84,7.34,12.09,1.85,11.82
396,0.165215833,23.8,9.5,16.84,7.34,12.1,1.82,11.86
397,0.165215833,22.41,9.5,17.1,7.6,12.11,1.8,11.88
398,0.165215833,23.76,9.49,17.1,7.61,12.04,1.83,11.75
399,0.165215833,24.66,9.49,17.1,7.61,11.99,1.85,11.69
